Department Name|Official Website|Has Activity Data|Activity Data URL|Data Types Available|Notes
Alameda County District Attorney|https://da.alamedacountyca.gov/|Yes|https://data.acgov.org/Public-Safety/Alameda-County-Sheriff-Crime-Reports/8khs-56kk/data|Crime statistics, law enforcement data|Crime data via county open data hub
Alameda County Sheriff's Office|https://www.alamedasheriff.gov/|Yes|https://www.alamedasheriff.gov/about-us/transparency|Inmate locator, crime reports, arrest records, statistics|Public information portal available
Alameda Police Department|https://www.alamedaca.gov/Departments/Police-Department/Crime-Activity|Yes|https://www.alamedaca.gov/Departments/Police-Department/Crime-Activity|Crime mapping, activity log, crime statistics, calls for service|Updated every 24 hours
Albany Police Department|https://www.albanyca.gov/Departments/Police-Department|Yes|https://www.albanyca.gov/Departments/Police-Department/Crime-Mapping|Crime mapping, activity data|Crime graphics and citizen reporting
Alhambra Police Department|https://www.alhambraca.gov/607/Police|Yes|https://www.alhambraca.gov/271/Crime-Statistics|Crime statistics, monthly reports, online reporting|Monthly crime info published
Allan Hancock Community College District Police Department|https://www.hancockcollege.edu/police/index.php|No|N/A|N/A|Campus police; limited public crime data
Alpine County District Attorney|https://alpinecountyca.gov/189/District-Attorney|Unknown|N/A|N/A|Prosecuting agency
Alpine County Sheriff's Department|https://www.alpinecountyca.gov/204/Sheriff|No|N/A|Search and rescue, animal control|Services-focused website
Alturas Police Department|https://www.cityofalturas.us/department/police/index.php|Unknown|N/A|N/A|Small city PD
Amador County District Attorney|https://www.amadorgov.org/government/district-attorney|Yes|https://www.amadorsheriff.org/|Crime reports, statistics, incident data|Works with Sheriff's Office
Amador County Sheriff's Department|https://www.amadorsheriff.org/|Yes|https://amadorsheriff.citizenrims.com|Incident reports, crime graphics, arrest records|CitizenRIMS platform
Amador County Coroner|https://www.amadorsheriff.org/operations-division/coroners-bureau|Unknown|N/A|Death investigations|Part of Sheriff's Office
Amtrak Police Department|https://www.amtrak.com/police/home|Unknown|N/A|Police reports by request|National police force
Anaheim Police Department|https://pd.anaheim.net/|Yes|https://www.anaheim.net/243/Crime-Mapping|Crime mapping, crime alerts, open data portal, press releases|Interactive map; daily updates
American River College Police Department|https://police.losrios.edu/about-los-rios-police-department/police-centers/american-river-college-campus-police|No|N/A|N/A|Part of Los Rios PD
Anderson Police Department|https://www.ci.anderson.ca.us/departments/police/index.php|Yes|https://www.andersonpd.com/crime-analysis/|Crime analysis, online reporting|Citizen online reporting
Angels Camp Police Department|https://angelscamp.gov/police/|Unknown|N/A|Records by request|Small department
Antioch Police Department|https://www.antiochca.gov/186/Police-Department|Yes|https://www.antiochca.gov/446/Crime-Statistics|Crime statistics, real-time crime data, online reporting|CitizenRIMS platform
Apple Valley Unified School District Police Department|https://www.avusd.org/departments/district-police|No|N/A|N/A|School district police
Arcadia Police Department|https://www.arcadiacapolice.gov/|Yes|https://www.arcadiaca.gov/protect/police_department/crime_information/|Crime trends, crime statistics, online reporting|Crime information and trends
Arcata Police Department|https://www.cityofarcata.org/206/Police|Yes|https://arcatapd.citizenrims.com/|Activity logs, crime data, crime mapping|CitizenRIMS platform
Arroyo Grande Police Department|https://www.agpd.org/|Yes|https://www.arroyogrande.org/551/Police-Logs|Police logs (arrest, incident, press), crime statistics|Daily police activity logs
Arvin Police Department|https://www.arvin.org/181/Police|Yes|https://arvin.crimegraphics.com/|Crime mapping, statistics, activity data|CrimeGraphics platform
Atascadero Police Department|https://www.atascadero.org/department/police-department|Yes|https://www.atascadero.org/service/activity-logs|Activity logs, crime reporting|Public safety reporting portal
Atherton Police Department|https://www.athertonca.gov/635/Police-Department|Yes|https://atherton.citizenrims.com|Crime statistics, activity logs, crime mapping|CitizenRIMS platform
Atwater Police Department|https://www.atwater.org/departments/police/|Unknown|N/A|Online reporting available|Limited online crime data
Auburn Police Department|https://www.auburn.ca.gov/168/Police|Yes|https://www.auburn.ca.gov/506/Crime-Data|Crime data, crime reports, calls for service, crime mapping|CrimeGraphics/CitizenRIMS platform
Avenal Police Department|https://cityofavenal.gov/217/Police|Unknown|N/A|Records by request|Limited online presence
Azusa Pacific University Campus Safety Department|https://www.apu.edu/campus-safety/|No|N/A|N/A|Campus safety
Azusa Police Department|https://www.azusaca.gov/195/Police|Yes|https://azusapd.org/news-releases|News releases, records bureau, online reporting|Crime reports by request
Bakersfield Police Department|https://www.bakersfieldcity.us/257/Police|Yes|https://www.arcgis.com/apps/dashboards/5106d9dac61248649dac4a88f6a274db|Community Crime Dashboard, Crime Statistics|ArcGIS dashboard
Baldwin Park Police Department|https://www.baldwinparkpolice.com/|No|N/A|Records requests available|
Banning Police Department|http://www.banning.ca.us/17/Police-Department|Limited|N/A|Online Crime Reporting, Records|
Barstow Police Department|https://www.barstowca.org/departments/police|Yes|https://www.barstowca.org/departments/police/press-releases|Press Releases, Records Bureau|
Bay Area Rapid Transit Police Department|https://www.bart.gov/about/police|Yes|https://www.bart.gov/about/police/reports|Policy and Reports, News|
Bear Valley Police Department|https://www.bvcsd.org/police-department|No|N/A|General Police Services|
Beaumont Police Department|https://www.beaumontpd.org/|Yes|https://www.beaumontpd.org/1169/Crime|Press Log, Crime Data, Records|
Bell Gardens Police Department|https://www.bellgardens.org/government/public-safety/police-department|Unknown|N/A|Police Department Policies|
Bell Police Department|https://www.cityofbell.org/?navid=106|Unknown|N/A|Basic Services|
Belmont Police Department|https://www.belmont.gov/departments/police|Yes|https://belmont.citizenrims.com/|Crime & Activity Data, Crime Graphics|CitizenRIMS
Belvedere Police Department|https://www.cityofbelvedere.org/departments/police/|Unknown|N/A|Police Safety Programs|
Benicia Police Department|https://www.ci.benicia.ca.us/police|Yes|https://www.ci.benicia.ca.us/index.asp?SEC=68826789-63C6-4FAF-A4C2-04FB539FE803&DE=360DEDAA-9D71-403A-86D4-95CE8411FFA0|Crime Statistics, Police Activity Bulletin, Records|
Berkeley Police Department|https://berkeleyca.gov/safety-health/police|Yes|https://berkeleyca.gov/safety-health/police/data-crime-calls-service-stops-and-use-force|Crime Data, Calls for Service, Use of Force, Annual Crime Report|Open Data Portal
Beverly Hills Police Department|https://www.beverlyhills.org/548/Police-Department|Yes|https://gis.beverlyhills.org/VBH/CrimeMap/|Interactive Crime Map, Crime Data Download, Monthly Statistics|
Big Bear Municipal Water District Lake Patrol|https://www.bbmwd.com|Limited|https://www.bbmwd.com/lake-operations-department|Lake Safety Information|
Biola University Campus Safety Department|https://www.biola.edu/campus-safety|Unknown|N/A|Campus Safety Info|
Bishop Police Department|https://cityofbishop.ca.gov/departments/police/|Yes|https://bishop.crimegraphics.com/|Crime Graphics Portal, Press Releases|
Blue Lake Police Department|https://bluelake.ca.gov/city-services/public-safety/|No|N/A|N/A|Serves through Humboldt County Sheriff
Blythe Police Department|https://www.cityofblythe.ca.gov/19/Police-Department|Unknown|N/A|N/A|
Brawley Police Department|https://www.brawley-ca.gov/departments/police-department|Unknown|N/A|N/A|
Brea Police Department|https://www.cityofbrea.gov/1595/Police-Services|Unknown|N/A|N/A|
Brentwood Police Department|https://www.brentwoodca.gov/government/police|Yes|https://www.brentwoodca.gov/government/police/public-services/police-logs|Police Logs, Crime Reports, Calls for Service|CitizenRIMS
Brisbane Police Department|https://www.brisbaneca.org/police|Unknown|N/A|N/A|
Broadmoor Police Department|https://www.broadmoorpolice.com/|Unknown|N/A|N/A|Police Protection District
Buena Park Police Department|https://www.bppd.com/|Yes|https://www.bppd.com/|Crime Statistics, Online Police Reports|
Burbank-Glendale-Pasadena Airport Authority Police Department|https://www.hollywoodburbankairport.com/airport-authority/bgpaa-police/|Unknown|N/A|N/A|Airport Police
Burbank Police Department|https://www.burbankca.gov/web/police-department|Yes|https://www.burbankca.gov/web/police-department/daily-arrest-logs|Daily Arrest Logs, Crime Information, Interactive Crime Map|Past 30 days
Burlingame Police Department|https://www.burlingame.org/516/Police|Yes|https://burlingame.citizenrims.com/|Crime & Activity Data|CitizenRIMS
Burlington Northern Santa Fe Railway Police Team|https://www.bnsf.com/in-the-community/safety-and-security/police-team.page|No|N/A|N/A|Railroad Police
Butte Community College Police Department|https://www.butte.edu/collegepolice/|Unknown|N/A|N/A|Campus Police
Butte County District Attorney|https://www.buttecounty.net/340/District-Attorney|Unknown|N/A|N/A|
Butte County Sheriff's Department/Coroner|https://www.buttecounty.net/1393/SheriffCoroner|Yes|https://bcso.citizenrims.com/|Crime Data|CitizenRIMS
CA Alcoholic Beverage Control|https://www.abc.ca.gov/|No|N/A|N/A|Alcohol licensing enforcement
CA Assembly Sergeant at Arms|https://sergeant.assembly.ca.gov/|No|N/A|N/A|Legislative security
CA California Highway Patrol|https://www.chp.ca.gov/|Yes|https://www.chp.ca.gov/notify-chp/crime-incident-reporting-system|Crime incidents, traffic data via SWITRS|SWITRS system
CA California Governor's Office of Emergency Services|https://www.caloes.ca.gov/|No|N/A|N/A|Emergency services coordination
CA California Exposition and State Fair Police Department|https://calexpo.com/safety-security/|No|N/A|N/A|Fairgrounds police
CA California Horse Racing Board|https://www.chrb.ca.gov/|No|N/A|N/A|Regulatory authority
CA Department of Cannabis Control Law Enforcement Division|https://www.cannabis.ca.gov/|Unknown|https://www.cannabis.ca.gov/about-us/reports-and-policies/|Reports and policies|Illegal cannabis investigations
CA Department of Consumer Affairs Dental Board|https://www.dbc.ca.gov/|No|N/A|N/A|Dental practice enforcement
CA Department of Consumer Affairs Division of Investigation|https://www.dca.ca.gov/enforcement/index.shtml|Yes|https://www.dca.ca.gov/data/enforcement.shtml?tab=doi|Enforcement data by board|Sworn peace officers
CA Department of Corrections and Rehabilitation|https://www.cdcr.ca.gov/|Yes|https://www.cdcr.ca.gov/|Population data, facility info|State prison system
CA Department of Developmental Services|https://www.dds.ca.gov/|No|N/A|N/A|Not law enforcement
CA Department of Employment Development|https://edd.ca.gov/|No|N/A|N/A|Not law enforcement
CA Department of Financial Protection and Innovation|https://dfpi.ca.gov/|No|N/A|N/A|Financial regulation
CA Department of Fish and Wildlife|https://wildlife.ca.gov/|Yes|https://data-cdfw.opendata.arcgis.com/|Open geospatial data, CALTIP tips|Wildlife crimes
CA Department of Forestry and Fire Protection (CAL FIRE)|https://www.fire.ca.gov/|No|N/A|N/A|Fire prevention
CA Department of Public Health Food and Drug Branch|https://www.cdph.ca.gov/Programs/CEH/DFDCS/Pages/FoodandDrugBranch.aspx|No|N/A|N/A|Food safety
CA Department of Public Health Office of Youth Tobacco Enforcement|https://www.cdph.ca.gov/Programs/CEH/DFDCS/Pages/OfficeofYouthTobaccoEnforcement.aspx|No|N/A|N/A|Tobacco sales enforcement
CA Department of Health Care Services|https://www.dhcs.ca.gov/|No|N/A|N/A|Not law enforcement
CA Department of Industrial Relations|https://www.dir.ca.gov/|No|N/A|N/A|Not law enforcement
CA Department of Insurance Fraud Division|https://www.insurance.ca.gov/0300-fraud/|Unknown|https://www.insurance.ca.gov/0300-fraud/|Fraud investigation data|Enforcement Branch
CA Department of Justice|https://oag.ca.gov/crime|Yes|https://openjustice.doj.ca.gov/|Comprehensive crime statistics database|Crime, arrests, hate crimes, homicide data
CA Department of Motor Vehicles|https://www.dmv.ca.gov/|No|N/A|N/A|Not law enforcement
CA Department of Parks and Recreation|https://www.parks.ca.gov/|No|N/A|N/A|Parks management
CA Department of Social Services|https://www.cdss.ca.gov/|No|N/A|N/A|Social services
CA Department of State Hospitals|https://www.dsh.ca.gov/|No|N/A|N/A|Mental health services
CA Department of Toxic Substances Control|https://dtsc.ca.gov/|No|N/A|N/A|Environmental
CA Franchise Tax Board|https://www.ftb.ca.gov|No|N/A|N/A|Tax administration
CA National Guard|https://calguard.ca.gov/|No|N/A|N/A|Military
CA Office of Law Enforcement Support (OLES)|https://www.oles.ca.gov/|Yes|https://www.oles.ca.gov/Reports/|Semiannual reports|Investigative monitoring
CA Public Employees Retirement System (CALPERS)|https://www.calpers.ca.gov/|No|N/A|N/A|Retirement system
CA Secretary of State|https://www.sos.ca.gov/|No|N/A|N/A|Elections
CA State Controller|https://www.sco.ca.gov/|No|N/A|N/A|Fiscal oversight
CA State Lottery|https://www.calottery.com/en/|No|N/A|N/A|Lottery operations
CA State Public Defender|https://www.ospd.ca.gov/|No|N/A|N/A|Defense services
CA Senate Sergeant-at-Arms|https://sergeant.senate.ca.gov/|No|N/A|N/A|Legislative security
Calaveras County Coroner|https://coroner.calaverasgov.us/|No|N/A|N/A|Death investigation
Calaveras County District Attorney|https://districtattorney.calaverasgov.us/|No|N/A|N/A|Prosecutor
Calaveras County Sheriff's Department|https://sheriff.calaverasgov.us/|Yes|https://calaveras.citizenrims.com/|Crime and activity data|CitizenRIMS; online reporting
Calexico Police Department|https://www.calexico.ca.gov/|No|N/A|N/A|
California City Police Department|https://www.californiacity-ca.gov/|No|N/A|N/A|11 sworn officers
California Criminalistics Institute|N/A|No|N/A|N/A|Training institute
Calipatria Police Department|https://www.calipatria.com/the-city/departments/public-safety/|No|N/A|N/A|
Calistoga Police Department|https://www.calistogaca.gov/Services/Police|No|N/A|N/A|
Campbell Police Department|https://www.campbellca.gov/1526/Police-Department|Yes|https://www.campbellca.gov/291/Contact-Us|Crime information|Free Campbell PD App
Canyon Lake Police Department|https://www.canyonlakeca.gov/police|Yes|https://www.canyonlakeca.gov/index.asp?SEC=B31A0DB4-C508-4CDC-BB47-6DCA7B7DE449|Citizens online reporting|Contracts with Riverside County Sheriff
Capitola Police Department|https://www.cityofcapitola.org/police|No|N/A|N/A|
Carlsbad Police Department|https://www.carlsbadca.gov/departments/police|Yes|https://www.carlsbadca.gov/departments/police/services/report-a-crime|Online crime reporting|
Carmel Police Department|https://ci.carmel.ca.us/police-fire|No|N/A|N/A|
Cathedral City Police Department|https://www.cathedralcitypolice.com/|No|N/A|N/A|
Central Marin Police Authority|https://www.centralmarinpolice.org/|Yes|https://www.centralmarinpolice.org/300/FILE-ONLINE-REPORT-HERE|Online police reporting|Regional authority
Ceres Police Department|https://www.ceres.gov/1864/Police-Department|No|N/A|N/A|
Cerritos College Police Department|https://www.cerritos.edu/police/default.htm|No|N/A|N/A|Campus police
Chaffey Community College District Police Department|https://www.chaffey.edu/police/index.php|No|N/A|N/A|
Chapman University Department of Public Safety|https://www.chapman.edu/campus-services/public-safety/index.aspx|No|N/A|N/A|
Chico Police Department|https://chicoca.gov/City-Services/Public-Safety/Police-Department/|No|N/A|N/A|
Chino Police Department|https://www.cityofchino.org/231/Police|Yes|N/A|Crime information|Mobile app with online reporting
Chowchilla Police Department|https://www.cityofchowchilla.org/176/Police-Department|No|N/A|N/A|
Chula Vista Police Department|https://www.chulavistaca.gov/departments/police-department|Yes|https://cvapps.chulavistaca.gov/CVPDOpenData/IncidentReport|Incident reporting data|2nd largest city in SD County
Citrus Community College District Department of Campus Safety|https://www.citruscollege.edu/general/campussafety/index.html|No|N/A|N/A|
Citrus Heights Police Department|https://www.citrusheights.net/1254/Police-Department|Yes|https://www.citrusheights.net/245/Online-Reporting|Online crime reporting|
Claremont College Department of Campus Safety|https://services.claremont.edu/campus-safety/|No|N/A|N/A|Multi-college safety
Claremont Police Department|https://www.claremontca.gov/City-Services/Public-Safety/Police|No|N/A|N/A|
Clayton Police Department|https://claytonca.gov/police/|No|N/A|N/A|
Clearlake Police Department|https://clearlake.ca.us/210/Police-Department|No|N/A|N/A|
Cloverdale Police Department|https://www.cloverdale.net/78/Police|No|N/A|N/A|
Clovis Police Department|https://www.clovisca.gov/services/police/index.php|No|N/A|N/A|
Clovis Unified School District Police Department|https://www.cusd.com/|No|N/A|N/A|School district police
Coalinga Police Department|https://www.coalinga.com/150/Police|No|N/A|N/A|
College of the Redwoods|https://www.redwoods.edu/about/security/index.php|No|N/A|N/A|Campus safety
College of the Sequoias Police Department|https://www.cos.edu/en-us/student-support/police|No|N/A|N/A|
Colma Police Department|https://www.colma.ca.gov/departments/police/|Unknown|https://www.colma.ca.gov/police-department-news/|Police news and updates|
Colton Police Department|https://www.coltonpd.org/|Yes|https://www.coltonpd.org/160/Online-Police-Reports|Online police reports|
Colusa County District Attorney|https://www.countyofcolusaca.gov/357/District-Attorney|No|N/A|N/A|
Colusa County Sheriff's Department|https://www.countyofcolusaca.gov/156/Sheriff|No|N/A|N/A|
Colusa Police Department|https://cityofcolusa.com/police-department/|No|N/A|N/A|
Compton Community College Police Department|https://www.compton.edu/campus-safety/index.aspx|No|N/A|N/A|
Compton Unified School District Police Department|https://www.compton.k12.ca.us/departments/school-police|No|N/A|N/A|
Concord Police Department|https://www.cityofconcord.org/183/Police|No|N/A|N/A|
Concordia University Department of Campus Safety and Security|https://www.concordia.ca/campus-life/security.html|No|N/A|N/A|
Contra Costa Community College District Police Department|https://www.4cd.edu/pd/|No|N/A|N/A|Serves 4 campuses
Contra Costa County District Attorney|https://www.contracosta.ca.gov/9975/District-Attorney|No|N/A|N/A|
Contra Costa County Sheriff's Department/Coroner|https://www.cocosheriff.org/|Yes|https://www.cocosheriff.org/contact-us|Transparency portal and reports|
Corcoran Police Department|https://cityofcorcoran.ca.gov/departments/police/index.php|Yes|https://corcoranpd.citizenrims.com/|Crime and arrests data|CitizenRIMS
Corning Police Department|https://www.corning.org/departments/police-department/|Unknown|https://corning.citizenrims.com|Crime and activity data|CitizenRIMS
Corona Police Department|https://www.coronaca.gov/departments/police|Yes|N/A|Records and crime information|
Coronado Police Department|https://www.coronado.ca.us/167/Our-Department|Unknown|https://coronado.citizenrims.com/|Activity data portal|CitizenRIMS
Costa Mesa Department of Communications|https://www.costamesaca.gov/|No|N/A|N/A|Dispatch center
Costa Mesa Police Department|https://www.costamesaca.gov/government/departments-and-divisions/police|Yes|https://apps.costamesaca.gov/gismaps1/apps/experiencebuilder/experience/?id=906826b049794ca493700acc0f2e91ac|Police incidents viewer|
Cosumnes River College Police Department|https://police.losrios.edu/|No|N/A|N/A|Los Rios system
Cotati Police Department|https://www.cotaticity.gov/229/Police|No|N/A|N/A|
Covina Police Department|https://covinapd.org/|No|N/A|N/A|
CPSU Pomona Department of Public Safety|https://www.cpp.edu/police/index.shtml|No|N/A|N/A|University police
CPSU San Luis Obispo University Police Department|https://afd.calpoly.edu/police/|No|N/A|N/A|University police
Crescent City Police Department|https://www.crescentcity.org/departments/Police|No|N/A|N/A|Transparency portal available
CSU Bakersfield University Police Department|https://www.csub.edu/police/|No|N/A|N/A|
CSU Channel Islands University Police Department|https://www.csuci.edu/publicsafety/police/|Yes|https://csucipolice.citizenrims.com/form?formId=138|Online reporting system|CitizenRIMS
CSU Chico University Police Department|https://www.csuchico.edu/up/|Yes|https://csuchico.citizenrims.com/|Crime and activity data|CitizenRIMS
CSU Dominguez Hills University Police Department|https://www.csudh.edu/dhpd/|No|N/A|N/A|
CSU East Bay University Police Department|https://www.csueastbay.edu/upd/|No|N/A|N/A|
CSU Fresno University Police Department|https://www.fresnostate.edu/adminserv/police/|No|N/A|N/A|
CSU Fullerton University Police Department|https://police.fullerton.edu/|Yes|https://csufpd.citizenrims.com|Crime & Activity, campus safety data|CitizenRIMS (discovered via search)
CSU Humboldt University Police Department|Not Found|Unknown|N/A|N/A|
CSU Long Beach University Police Department|Not Found|Unknown|N/A|N/A|
CSU Los Angeles University Police Department|Not Found|Unknown|N/A|N/A|
CSU Monterey Bay University Police Department|Not Found|Unknown|N/A|N/A|
CSU Northridge Department of Police Services|Not Found|Unknown|N/A|N/A|
CSU Sacramento Public Safety/University Police Department|Not Found|Unknown|N/A|N/A|
CSU San Bernardino University Police Department|Not Found|Unknown|N/A|N/A|
CSU San Diego PD|Not Found|Unknown|N/A|N/A|
CSU San Francisco Police Department|Not Found|Unknown|N/A|N/A|
CSU San Jose University Police Department|Not Found|Unknown|N/A|N/A|
CSU San Marcos University Police Department|Not Found|Unknown|N/A|N/A|
CSU Sonoma Police and Parking Services|Not Found|Unknown|N/A|N/A|
CSU Stanislaus University Police Department|Not Found|Unknown|N/A|N/A|
Cuesta College Department of Public Safety|https://www.cuesta.edu/community/publicsafety/index.html|No|N/A|N/A|
Culver City Police Department|https://www.culvercitypd.gov/Home|No|N/A|N/A|
Cypress Police Department|https://www.cypressca.org/departments/police|No|N/A|N/A|
Daly City Police Department|https://www.dalycity.org/180/Police|Yes|https://www.dalycity.org/906/Crime-Alert-Bulletins|Crime Alerts, Community Resources|
Dana Point Police Department|https://www.danapoint.org/City-Government/Public-Safety/Police-Services|Unknown|N/A|N/A|OC Sheriff contract
Danville Police Department|https://www.danville.ca.gov/162/Police-Services|Unknown|N/A|N/A|
Davis Police Department|https://www.cityofdavis.org/city-hall/police-department/|Yes|https://www.cityofdavis.org/city-hall/police-department/daily-activity-log|Daily Activity Logs, Annual Reports, Crime Data|
Del Norte County District Attorney|N/A|Unknown|N/A|N/A|
Del Norte County Sheriff's Department|https://www.co.del-norte.ca.us/dnso|Yes|https://delnorte.citizenrims.com/|Incarcerated Individuals, Wanted Persons|CitizenRIMS
Del Rey Oaks Police Department|https://www.delreyoaks.org/police|Unknown|N/A|N/A|
Delano Police Department|https://www.cityofdelano.org/105/Police-Department|Yes|https://cityofdelano.org/108/Crime-Statistics|Crime Statistics, Monthly Reports|
Desert Hot Springs Police Department|https://www.cityofdhs.org/departments/police/|Yes|https://www.cityofdhs.org/police-records/|Police Records, Anonymous Tips|
Dixon Police Department|https://www.dixonpoliceca.gov/|Yes|https://www.dixonpoliceca.gov/departments/Transparency|Crime Statistics, Use of Force Data, Annual Reports|Transparency Portal
Dos Palos Police Department|https://www.dospalos.gov/departments/police|Unknown|N/A|N/A|
Downey Police Department|https://www.downeyca.org/our-city/departments/police|Yes|https://www.downeyca.org/our-city/departments/police/welcome-to-the-downey-police-department/annual-report|Annual Report, Crime Statistics|
East Bay Regional Parks District Department of Public Safety|https://www.ebparks.org/public-safety|Yes|https://www.ebparks.org/public-safety/activity|Police & Fire Activity Map, Real-time Data|Near-real-time map
East Palo Alto Police Department|https://www.ci.east-palo-alto.ca.us/police|Yes|https://www.ci.east-palo-alto.ca.us/police/page/automated-license-plate-readers-alpr-transparency-portal|ALPR Transparency Portal|
El Cajon Police Department|https://www.elcajon.gov/your-government/departments/police|Yes|https://www.elcajon.gov/your-government/departments/police/your-police-department/records|Police Records, Crime Data|
El Camino Community College District Police Department|N/A|Unknown|N/A|N/A|Campus Police
El Centro Police Department|https://www.cityofelcentro.org/1251/Police|Yes|N/A|Crime data (moved to RIMS June 2025)|Moved from ProPhoenix to RIMS June 2025; CitizenRIMS portal likely available
El Cerrito Police Department|http://www.elcerrito.gov/135/Police-Department|Yes|http://www.elcerrito.gov/985/Online-Police-Reporting|Online Police Reporting|
El Dorado County District Attorney|N/A|Unknown|N/A|N/A|
El Dorado County Sheriff's Department|https://www.eldoradocounty.ca.gov/Public-Safety-Justice/Safety-Justice/sheriff|Yes|https://eldoradosheriff.citizenrims.com|Crime & Activity Data, Inmate Info|CitizenRIMS
El Monte Police Department|https://www.ci.el-monte.ca.us/209/Police|Unknown|N/A|N/A|
El Rancho Unified School District Police Department|https://www.erusd.org/apps/pages/index.jsp?uREC_ID=155468|Unknown|N/A|N/A|School district police
El Segundo Police Department|https://www.elsegundopd.org/|Yes|https://www.elsegundopd.org/about-espd/crime-trends|Crime Trends, Transparency Portal, RIPA Data|2021-2025 trends
Elk Grove Police Department|https://elkgrove.gov/departments-and-divisions/police-department|Yes|https://elkgrovepd.hosted.civiclive.com/transparency/crime/crime_statistics|Crime Statistics, Safety Dashboard, Annual Reports|
Emeryville Police Department|https://www.emeryville.org/Government/Departments/Police|Yes|https://emeryville.citizenrims.com/|Crime & Activity Data, Weekly Reports|CitizenRIMS
Escalon Police Department|https://www.cityofescalon.org/government/departments/police|Unknown|N/A|N/A|
Escondido Police Department|https://www.escondido.gov/172/Police|Yes|https://escondido.gov/558/Crime-Mapping|Crime Mapping, ARJIS System Data|
Etna Police Department|https://www.etnaca.com/police/|Unknown|N/A|N/A|
Eureka Police Department|https://www.eurekaca.gov/172/Police-Department|Yes|https://www.eurekaca.gov/407/Transparency-Portal|Transparency Portal, SB978 Public Info, Crime Data|
Exeter Police Department|https://cityofexeter.ca.gov/departments/exeter-police-department/|Unknown|N/A|N/A|
Exposition Park Department of Public Safety|https://expositionpark.ca.gov/public-safety/|Unknown|N/A|N/A|
Fairfax Police Department|https://townoffairfaxca.gov/departments/police/|Unknown|N/A|N/A|
Fairfield Police Department|https://www.fairfield.ca.gov/government/city-departments/police|Yes|https://www.fairfield.ca.gov/government/city-departments/police/support-services-bureau/police-records-reports|Police Records, Crime Reports, Transparency Portal|
Farmersville Police Department|https://www.cityoffarmersville-ca.gov/202/Police-Department|Unknown|N/A|N/A|
Ferndale Police Department|https://ci.ferndale.ca.us/departments/police/|Unknown|N/A|N/A|
Firebaugh Police Department|https://firebaugh.org/police/|Unknown|N/A|N/A|
Folsom Lake College Police Department|https://police.losrios.edu/|Unknown|N/A|N/A|Los Rios PD
Folsom Police Department|https://www.folsom.ca.us/government/police|Yes|https://www.folsom.ca.us/government/police/crime-information/crime-map|Crime Map, Police Log|30-day police logs
Fontana Police Department|https://www.fontanaca.gov/3073/Welcome-to-the-Fontana-Police-Department|Yes|https://www.fontanaca.gov/3337/Police-Audit-Crime-Statistics|Crime Statistics, Monthly Reports, Audit Data|
Fontana Unified School District Police Department|Not Found|Unknown|N/A|N/A|School district police
Foothill/De Anza Community College District Police Department|Not Found|Unknown|N/A|N/A|
Fort Bragg Police Department|https://www.city.fortbragg.com/departments/police_department/index.php|Unknown|N/A|N/A|
Fortuna Police Department|https://www.friendlyfortuna.com/departments/police_department/index.php|Yes|https://fortunapd.citizenrims.com|Crime & Activity Data, Arrests|CitizenRIMS
Foster City Police Department|https://www.fostercity.org/police|Yes|https://www.fostercity.org/police/page/fcpd-daily-activity-bulletin-archive|Daily Activity Bulletins, Police Reports|
Fountain Valley Police Department|https://www.fountainvalley.gov/1471/Police-Department|Unknown|N/A|N/A|
Fowler Police Department|https://www.fowlercity.org/police-department|Unknown|N/A|N/A|
Fremont Police Department|https://www.fremontpolice.gov/|Yes|https://www.fremontpolice.gov/about-us/crime-statistics|Crime Statistics, Transparency Portal, Community Crime Map|
Fresno County District Attorney|N/A|Unknown|N/A|N/A|
Fresno County Sheriff's Department|https://www.fresnosheriff.org/|Yes|N/A|Crime Data|
Fresno Police Department|https://www.fresno.gov/police/|Yes|https://www.fresno.gov/police/records-and-reports/|Records and Reports, Crime Dashboard, Annual Reports|
Fresno Yosemite International Airport|Not Found|Unknown|N/A|N/A|Airport security
Fullerton Police Department|https://www.cityoffullerton.com/government/departments/police|Yes|https://www.cityoffullerton.com/government/departments/police/crime-trends/crime-statistics|Crime Statistics, Community Crime Map|LexisNexis partnership
Galt Police Department|https://www.cityofgalt.org/government/police-department|Yes|https://www.cityofgalt.org/our-city/police-department/incident-arrest-reports|Incident & Arrest Reports|
Garden Grove Police Department|https://ggcity.org/police|Unknown|N/A|N/A|CALEA accredited
Gardena Police Department|https://gardenapd.org/|Unknown|N/A|N/A|
Gavilan College Campus Security Department|https://www.gavilan.edu/public_safety/index.php|No|N/A|N/A|Non-sworn security
Gilroy Police Department|https://www.cityofgilroy.org/151/Police-Department|Yes|https://www.cityofgilroy.org/186/File-a-Police-Report|Citizens Online Police Reporting|
Glendale Community College District Police Department|https://www.glendale.edu/about-gcc/college-police|Unknown|N/A|N/A|
Glendale Police Department|https://www.glendaleca.gov/government/departments/police-department|Unknown|N/A|N/A|~300 sworn officers
Glendale Police Department Park Rangers|https://www.glendaleca.gov/government/departments/police-department|Unknown|N/A|N/A|Park Rules education
Glendora Police Department|Not Found|Unknown|N/A|N/A|
Glenn County District Attorney|https://www.countyofglenn.net/government/departments/district-attorney|No|N/A|N/A|
Glenn County Health and Human Services Agency Special Investigations Unit|https://www.countyofglenn.net/government/departments/health-human-services|Unknown|N/A|N/A|Fraud investigation
Glenn County Sheriff's Department/Coroner|https://www.countyofglenn.net/government/departments/sheriff|Yes|N/A|Sheriff services info|Coroner services
Gonzales Police Department|https://gonzalesca.gov/services/police|Yes|https://gonzalesca.gov/services/police/media-log|Media Log, Police Documents|
Grass Valley Police Department|https://www.grassvalleyca.gov/police-department|Yes|N/A|Daily activity log|31 sworn officers
Greenfield Police Department|https://www.ci.greenfield.ca.us/233/Police-Department|Unknown|N/A|N/A|
Gridley Police Department|http://gridley.ca.us/government-and-departments/departments/police-department|Yes|https://gridleyca.citizenrims.com/|Crime Maps, Arrests, Incidents, Crime Statistics|CitizenRIMS
Grover Beach Police Department|https://www.grover.org/643/Police-Department|Unknown|N/A|N/A|
Guadalupe Police Department|https://cityofguadalupe.org/police/|Unknown|N/A|N/A|
Gustine Police Department|https://www.cityofgustine.com/pView.aspx?id=13856&catid=649|Yes|https://gustine.citizenrims.com|Crime & Activity|CitizenRIMS
Hacienda-La Puente School District Police and Safety Department|https://www.hlpschools.org/district/police-and-safety|Unknown|N/A|N/A|School district police
Hanford Police Department|https://www.ci.hanford.ca.us/1198/Police|Yes|https://hanford.citizenrims.com|Crime & Activity|CitizenRIMS
Hawthorne Police Department|https://hawthornepolice.com/|Yes|https://hawthornepolice.com/custody|Custody & Registrant Information|
Hayward Police Department|https://www.hayward-ca.gov/police-department|Yes|https://www.hayward-ca.gov/police-department/public-services/file-police-report|Online police reports, transparency portal|CALEA accredited
Healdsburg Police Department|https://www.ci.healdsburg.ca.us/149/Police|Yes|https://healdsburg.citizenrims.com/|Crime & Activity, Department News|CitizenRIMS
Hemet Police Department|https://hemetpd.com/|Unknown|N/A|N/A|
Hercules Police Department|https://www.herculesca.gov/government/police|Unknown|N/A|N/A|
Hermosa Beach Police Department|https://www.hermosabeach.gov/our-government/police-department|Unknown|N/A|N/A|
Hesperia Unified School District Police Department|https://www.husdpd.com/|Unknown|N/A|N/A|
Hillsborough Police Department|https://www.hillsborough.net/231/Police|Yes|https://www.hillsborough.net/681/CitizenRIMS-Operational-Statistics|Crime & Activity Data, ALPR Transparency|CitizenRIMS
Hollister Police Department|https://hollister.ca.gov/government/police/index.php|Yes|https://hollister.ca.gov/government/departments/police/online_incident_reporting.php|Online incident reporting, crime statistics|
Humboldt County District Attorney|https://humboldtgov.org/2928/District-Attorney|No|N/A|N/A|
Humboldt County Sheriff's Office|https://humboldtgov.org/2545/Sheriffs-Office|Yes|https://hcso.citizenrims.com/|Real-time crime data, incident mapping|CitizenRIMS
Humboldt Department of Health and Human Services|https://humboldtgov.org/2543/Health-Human-Services|Unknown|N/A|N/A|Not law enforcement
Huntington Beach Police Department|https://www.huntingtonbeachca.gov/departments/police/index.php|Unknown|N/A|Adult arrest log available|
Huntington Park Police Department|https://hppolice.org/|Unknown|N/A|N/A|
Huron Police Department|https://huronca.gov/public-safety/|Unknown|N/A|N/A|
Imperial County District Attorney|https://da.imperialcounty.org/|No|N/A|N/A|
Imperial County Sheriff's Department|https://icso.imperialcounty.org|Unknown|N/A|N/A|
Imperial Police Department|https://www.cityofimperial.org/departments/police|Unknown|N/A|N/A|
Indio Police Department|https://www.indiopd.org/|Unknown|N/A|N/A|
Inglewood Police Department|https://www.cityofinglewood.org/1649/Police|Unknown|N/A|N/A|
Inyo County District Attorney|https://www.inyocounty.us/services/district-attorney|No|N/A|N/A|
Inyo County Sheriff's Department|https://www.inyocounty.us/services/sheriff|Yes|https://inyosheriff.citizenrims.com/|Court Records|CitizenRIMS
Ione Police Department|https://www.ione.ca.gov/police|Unknown|N/A|N/A|
Irvine Police Department|https://irvinepd.gov/|Unknown|N/A|N/A|~257 officers
Irvine Valley Community College District Police Department|https://www.ivc.edu/police|Unknown|N/A|N/A|
Irwindale Police Department|https://irwindaleca.gov/616/Police|Unknown|N/A|N/A|
Jackson Police Department|https://www.ci.jackson.ca.us/police_department.php|Unknown|N/A|N/A|
Kensington Police Department|https://www.kppcsd.org/police|Unknown|N/A|N/A|Special District
Kerman Police Department|https://cityofkerman.net/222/Police-Department|Unknown|N/A|N/A|
Kern County District Attorney|https://www.kerncounty.com/government/departments/district-attorney|No|N/A|N/A|
Kern County District of Parks and Recreation Police Department|https://www.kernsheriff.org/ParkRanger|Unknown|N/A|N/A|Under Sheriff's Office
Kern County Sheriff's Department|https://www.kernsheriff.org/|Unknown|N/A|N/A|
Kern High School District Police Department|https://www.kernhigh.org/apps/pages/index.jsp?uREC_ID=708689&type=d&pREC_ID=1146485|Unknown|N/A|N/A|19 campuses
King City Police Department|https://www.kingcity.com/164/Police-Department|Unknown|N/A|N/A|
Kings County District Attorney|https://www.countyofkingsca.gov/departments/public-safety/district-attorney|No|N/A|N/A|
Kings County Sheriff's Department|https://www.countyofkingsca.gov/departments/public-safety/sheriff|Unknown|N/A|N/A|
Kings County Human Services Agency Fraud Bureau|https://www.countyofkingsca.gov/departments/human-services-agency|Unknown|N/A|N/A|Welfare fraud
Kingsburg Police Department|https://www.cityofkingsburg-ca.gov/163/Police-Department|Unknown|N/A|N/A|
L.A. Impact|https://oag.ca.gov/bi/laimpact|No|N/A|N/A|DOJ narcotics task force
L.A. Metro Department of Public Safety|https://www.metro.net/riding/safety-security/|Unknown|N/A|N/A|Recently established
La Habra Police Department|https://www.lahabraca.gov/227/Police-Department|Unknown|N/A|Records by request|
La Mesa Police Department|https://www.cityoflamesa.gov/1611/Police-Department|Unknown|N/A|N/A|69 sworn officers
La Palma Police Department|https://www.lapalmaca.gov/153/Police|Unknown|N/A|N/A|
La Verne Police Department|https://lvpd.org/|Unknown|N/A|N/A|
Lafayette Police Department|https://www.lovelafayette.org/city-hall/city-departments/police|Unknown|N/A|N/A|Contract with CC Sheriff
Laguna Beach Police Department|https://www.lagunabeachcity.net/government/departments/police|Unknown|N/A|N/A|
Lake County District Attorney|https://www.lakecountyca.gov/203/District-Attorney|No|N/A|N/A|
Lake County Sheriff's Department|https://www.lakecountyca.gov/157/Sheriff|Yes|https://www.lakecountyca.gov/958/Recent-Arrests|Recent arrests listing|
Lake Shastina District Police Department|https://lakeshastinapolice.com/|Unknown|N/A|N/A|
Lakeport Police Department|https://www.cityoflakeport.com/police/|Unknown|N/A|N/A|
Lancaster Police Department|https://www.cityoflancasterca.org/our-city/departments-services/public-safety|Yes|https://www.cityoflancasterca.org/our-city/departments-services/public-safety/crime-maps-and-information|Crime mapping, Monthly statistics|CrimeMaps.com
Lathrop Police Department|https://www.ci.lathrop.ca.us/police|Unknown|N/A|N/A|
Lassen County District Attorney|https://www.lassencounty.org/dept/district-attorney/welcome|No|N/A|N/A|
Lassen County Sheriff's Department|https://www.lassencounty.org/dept/sheriffs-office/sheriffs-office|Yes|N/A|Crime data via CitizenRIMS|Launched CitizenRIMS per Lassen News
Lemoore Police Department|https://lemoore.com/departments/police|Unknown|N/A|N/A|
Lincoln Police Department|https://www.lincolnca.gov/living-here/police-and-fire/police-department/|Yes|https://lincolnca.citizenrims.com/|Crime & Activity data|CitizenRIMS
Lindsay Department of Public Safety|https://www.lindsay.ca.us/public-safety|Unknown|N/A|N/A|Integrated law/fire/EMS
Livermore Police Department|https://police.livermoreca.gov/|Yes|https://police.livermoreca.gov/about-us/crime-mapping|Crime mapping, Interactive maps, Statistics|
Livingston Police Department|https://www.cityoflivingston.org/police|Unknown|N/A|N/A|
Lodi Police Department|https://www.lodi.gov/215/Police|Unknown|N/A|N/A|
Lompoc Police Department|https://www.cityoflompoc.com/police/|Unknown|N/A|N/A|
Long Beach Department of Disaster Preparedness and Emergency Communications|https://www.longbeach.gov/disasterpreparedness/|No|N/A|N/A|911 dispatch
Long Beach Police Department|https://www.longbeach.gov/police/|Yes|https://www.longbeach.gov/police/crime-info/crime-statistics/|Crime Dashboard, Monthly stats, Interactive crime mapping|
Long Beach Unified School District Safety Department|https://www.lbschools.net/departments/school-safety/home|Unknown|N/A|N/A|
Los Alamitos Police Department|https://cityoflosalamitos.org/158/Police-Department|Unknown|N/A|N/A|
Los Altos Police Department|https://www.losaltosca.gov/261/Police|Unknown|N/A|N/A|
Los Angeles Public Works Department Investigation and Enforcement Division|https://streetsla.lacity.org/investigation-enforcement-division|No|N/A|N/A|PW violations
Los Angeles City Department of Recreation and Parks Park Ranger Division|https://recreation.parks.lacity.gov/ranger/about|Unknown|N/A|N/A|
Los Angeles County Department of Medical Examiner|https://me.lacounty.gov/|No|N/A|N/A|
Los Angeles County District Attorney|https://da.lacounty.gov/|No|N/A|N/A|
Los Angeles County Probation Department|https://probation.lacounty.gov/|No|N/A|N/A|
Los Angeles County Sheriff's Department|https://lasd.org/|Yes|https://lasd.org/transparency/crimeandarrest/|Crime and arrest statistics, 10+ years historical data|Comprehensive transparency portal
Los Angeles Police Department|https://www.lapdonline.org/|Yes|https://www.lapdonline.org/office-of-the-chief-of-police/office-of-special-operations/detective-bureau/crime-mapping-and-compstat/|Crime mapping, COMPSTAT, NIBRS datasets, Annual reports|Open data portal
Los Angeles Port Police Department|https://www.portoflosangeles.org/community/los-angeles-port-police|Unknown|N/A|N/A|Maritime LE
Los Angeles School Police Department|https://laspd.lausd.org/|Unknown|N/A|N/A|Largest independent school PD
Los Angeles Watershed Protection Enforcement Unit|https://sanitation.lacity.gov/watershedprotection|No|N/A|N/A|Pollution enforcement
Los Angeles World Airports Police Department|https://www.lawa.org/groups-and-divisions/airport-police|Unknown|N/A|N/A|LAX police
Los Banos Police Department|https://losbanos.org/city-government/departments/police/|Unknown|N/A|N/A|
Los Gatos/Monte Sereno Police Department|https://www.losgatosca.gov/2827/Police-Services|Unknown|N/A|N/A|Joint department
Los Rios Community College District Police Department|https://police.losrios.edu/|Yes|https://losriospd.citizenrims.com|Crime & Activity mapping|CitizenRIMS (discovered via search)
Loyola Marymount University Office of Public Safety|https://safety.lmu.edu/|Unknown|N/A|N/A|Clery Act reporting
Madera County District Attorney|https://www.maderada.org/|Unknown|N/A|N/A|
Madera County Sheriff's Department|https://www.maderacounty.com/sheriff/|Unknown|N/A|N/A|Online reporting available
Madera Police Department|https://www.madera.gov/emergency-protective-services/police-department/|Unknown|N/A|N/A|
Mammoth Lakes Police Department|https://www.townofmammothlakes.ca.gov/1123/Police|Yes|https://www.townofmammothlakes.ca.gov/1292/Crime---Calls-for-Service-and-Arrests|Calls for Service, Arrests|
Manhattan Beach Police Department|https://www.manhattanbeach.gov/departments/police-department|Yes|https://www.manhattanbeach.gov/departments/police-department/crime-statistics|Monthly Crime Statistics, Weekly Crime Summaries|
Manteca Police Department|https://www.manteca.gov/departments/police-department|Yes|https://manteca.citizenrims.com|Crime & Activity mapping, incident data, arrest info|CitizenRIMS (discovered via search)
Marin Community College District Police Department|Not Found|Unknown|N/A|N/A|
Marin County Coroner|https://marinsheriff.gov/about-us/administrative-support/coroner-division|Unknown|N/A|N/A|Part of Sheriff
Marin County District Attorney|https://marincountyda.org/|Unknown|N/A|N/A|
Marin County Health & Human Services|Not Found|Unknown|N/A|N/A|Not LE
Marin County Sheriff's Department|https://marinsheriff.gov/|Yes|N/A|Booking log, crime data (RIMS adopted Nov 2025)|Replaced Central Square Tiburon with RIMS Nov 2025; CitizenRIMS portal likely coming
Marin Municipal Water District|Not Found|Unknown|N/A|N/A|Not LE
Marina Department of Public Safety|https://www.cityofmarina.org/17/Police-Department|Unknown|N/A|N/A|
Mariposa County District Attorney|https://www.mariposacounty.org/74/District-Attorney|Unknown|N/A|N/A|
Mariposa County Sheriff's Department|https://www.mariposacounty.org/82/Sheriffs-Office|Unknown|N/A|N/A|
Martinez Police Department|https://www.cityofmartinez.org/departments/police|Yes|https://www.cityofmartinez.org/departments/police/daily-log-crime-stats|Daily Activity Log, Crime Statistics|CitizenRIMS
Marysville Police Department|https://www.marysvillepd.org/|Unknown|N/A|N/A|
McFarland Police Department|https://www.mcfarlandcity.org/203/Police-Department|Unknown|N/A|N/A|
Mendocino County District Attorney|https://www.mendocinocounty.gov/government/district-attorney|Unknown|N/A|N/A|
Mendocino County Sheriff's Department|https://mendocinosheriff.org/|Unknown|N/A|N/A|
Mendota Police Department|https://www.cityofmendota.com/police-department-about/|Unknown|N/A|N/A|
Menifee Police Department|https://menifeepolice.org/|Unknown|N/A|N/A|
Menlo Park Police Department|https://www.menlopark.gov/Government/Departments/Police|Yes|https://menlopark.citizenrims.com/|Crime Statistics, Calls for Service|CitizenRIMS
Merced Community College Police Department|Not Found|Unknown|N/A|N/A|
Merced County District Attorney|https://www.countyofmerced.com/3612/District-Attorney|Unknown|N/A|N/A|
Merced County Sheriff's Department|https://www.countyofmerced.com/2516/Sheriffs-Office|Unknown|N/A|N/A|
Merced Police Department|https://www.cityofmerced.gov/departments/police|Unknown|N/A|Online crime reporting|
Mill Valley Police Department|https://www.cityofmillvalley.gov/216/Police|Unknown|N/A|N/A|
Milpitas Police Department|https://www.milpitas.gov/1101/Police|Yes|https://www.milpitas.gov/1107/Crime-and-Incident-Data|NIBRS Offense and Arrest Data, Interactive Dashboards|Data since Jan 2023
Mira Costa Community College District Police Department|Not Found|Unknown|N/A|N/A|
Modesto Police Department|https://www.modestogov.com/223/Police-Department|Unknown|N/A|Online reporting available|
Modoc County Sheriff's Department|https://www.modocsheriff.us/|Unknown|N/A|N/A|
Mono County District Attorney|https://monocountydistrictattorney.org/da|Unknown|N/A|N/A|
Mono County Sheriff's Department|https://www.monosheriff.org/|Yes|https://monosheriff.citizenrims.com|Incarcerated People, crime data|CitizenRIMS (discovered via search)
Monrovia Police Department|https://www.monroviaca.gov/your-government/police-department|Unknown|N/A|N/A|
Montclair Police Department|https://www.cityofmontclair.org/departments/police-department/|Unknown|N/A|Online reporting available|
Montebello Police Department|https://www.montebelloca.gov/departments/police|Unknown|N/A|N/A|
Montebello Unified School District Police Department|Not Found|Unknown|N/A|N/A|
Monterey County District Attorney|https://www.countyofmonterey.gov/government/departments-a-h/district-attorney|Unknown|N/A|N/A|
Monterey County Emergency Communication|Not Found|Unknown|N/A|N/A|Not LE
Monterey County Sheriff's Department|https://mcso.countyofmonterey.gov/|Unknown|N/A|N/A|
Monterey Park Police Department|https://www.montereypark.ca.gov/393/Police|Yes|https://montereypark.citizenrims.com/|Crime and Activity Data|CitizenRIMS
Monterey Police Department|https://monterey.gov/your_city_hall/departments/police/index.php|Unknown|N/A|N/A|
Monterey Peninsula Airport District Police Department|Not Found|Unknown|N/A|N/A|
Moorpark College Police Department|https://www.vcccd.edu/departments/police/moorpark-college-station|Unknown|N/A|N/A|
Moraga Police Department|https://www.moraga.ca.us/178/Police|Unknown|N/A|N/A|
Morgan Hill Police Department|https://www.morganhill.ca.gov/129/Police-Department|Unknown|N/A|N/A|
Morro Bay Police Department|https://www.morrobayca.gov/128/Police|Unknown|N/A|N/A|
Mt. San Antonio Community College District Police Department|Not Found|Unknown|N/A|N/A|
Mt. Shasta Police Department|Not Found|Unknown|N/A|N/A|
Mountain View Police Department|https://www.mountainview.gov/services/police-services|Yes|https://mvpd.citizenrims.com|Crime & Activity mapping, incident data, arrest info|CitizenRIMS (discovered via search)
Mountains Recreation and Conservation Authority Ranger Division|Not Found|Unknown|N/A|N/A|
Murrieta Police Department|https://www.murrietaca.gov/1409/Police|Unknown|N/A|N/A|
Napa County District Attorney|https://www.napacounty.gov/2086/District-Attorney|Unknown|N/A|N/A|
Napa County Sheriff's Department|https://www.napacounty.gov/1292/Sheriff|Unknown|N/A|N/A|
Napa Police Department|https://www.cityofnapa.org/323/Police-Department|Unknown|N/A|N/A|
Napa Valley College Police Department|Not Found|Unknown|N/A|N/A|
National City Police Department|https://www.nationalcityca.gov/government/police|Unknown|N/A|N/A|
Nevada City Police Department|https://www.nevadacityca.gov/231/Police|Unknown|N/A|Daily log via County|
Nevada County District Attorney|https://www.nevadacountyca.gov/391/District-Attorney|Unknown|N/A|N/A|
Nevada County Sheriff's Department|https://www.nevadacountyca.gov/4144/Sheriff|Unknown|N/A|N/A|
Newark Police Department|https://www.newarkca.gov/departments/police|Yes|https://newark.citizenrims.com|Crime mapping, incident data, arrest info|CitizenRIMS (discovered via search)
Newman Police Department|https://cityofnewman.gov/departments/newman-police-department/|Unknown|N/A|N/A|
Newport Beach Police Department|https://www.nbpd.org/|Yes|https://nbgis.newportbeachca.gov/gispub/Dashboards/PoliceCallsDash.htm|Police Calls for Service Dashboard|Interactive mapping
Novato Police Department|https://www.novato.org/government/police-department|Unknown|N/A|N/A|
Oakdale Police Department|Not Found|Unknown|N/A|N/A|
Oakland City Housing Authority Police Department|Not Found|Unknown|N/A|N/A|
Oakland Police Department|https://www.oaklandca.gov/Public-Safety-Streets/Police|Unknown|N/A|N/A|
Oakley Police Department|Not Found|Unknown|N/A|N/A|
Occidental College Department of Campus Safety|Not Found|Unknown|N/A|N/A|
Oceanside Police Department|https://www.oceansidepolice.com/|Yes|https://subscriber.firstwatch.net/OPD?Pubtoken=2700E615-B381-4C9A-A285-AB391A15380A|OPD Dashboard, Crime and Activity Data|Public access dashboard
Oceanside Police Department Harbor Unit|Not Found|Unknown|N/A|N/A|
Ohlone Community College District Police Department|Not Found|Unknown|N/A|N/A|
Ontario Police Department|https://www.ontarioca.gov/government/police|Unknown|N/A|Online reporting available|
Orange County Auto Theft Task Force (OCATT)|Not Found|Unknown|N/A|N/A|
Orange County District Attorney|https://orangecountyda.org/|Unknown|N/A|N/A|
Orange County District Attorney Public Assistance Fraud|Not Found|Unknown|N/A|N/A|
Orange County Probation Department|Not Found|Unknown|N/A|N/A|
Orange County Sheriff's Department/Coroner|https://www.ocsheriff.gov/|Unknown|N/A|N/A|
Orange Cove Police Department|Not Found|Unknown|N/A|N/A|
Orange Police Department|https://www.cityoforange.org/residents/police|Unknown|N/A|N/A|
Orinda Police Department|https://www.cityoforinda.gov/173/Police|Unknown|N/A|Online reporting available|
Orland Police Department|Not Found|Unknown|N/A|N/A|
Oroville Police Department|https://www.orovilleca.gov/159|Yes|https://orovilleca.citizenrims.com|Crime & Activity mapping, incident data|CitizenRIMS (discovered via search)
Oxnard Police Department|https://www.oxnard.gov/police-department|Unknown|N/A|Call log available online|
Pacific Grove Police Department|https://www.cityofpacificgrove.gov/our_city/departments/police/index.php|Unknown|N/A|N/A|
Pacific Union College Department of Public Safety|Not Found|Unknown|N/A|N/A|
Pacifica Police Department|https://www.cityofpacifica.org/departments/police|Unknown|https://pacifica.citizenrims.com|Crime/Activity log|CitizenRIMS likely
Palm Springs Police Department|https://www.palmspringsca.gov/government/departments/police|Unknown|N/A|Online crime reporting|
Palo Alto Police Department|https://www.paloalto.gov/Departments/Police|Yes|https://www.paloalto.gov/Departments/Police/Public-Information-Portal/Crime-Statistics|Crime Statistics, Police Report Log, Calls for Service Map|Interactive maps
Palomar Community College District Police Department|Not Found|Unknown|N/A|N/A|
Palos Verdes Estates Police Department|Not Found|Unknown|N/A|N/A|
Paradise Police Department|Not Found|Unknown|N/A|N/A|
Parlier Police Department|Not Found|Unknown|N/A|N/A|
Pasadena City College District Police Department|Not Found|Unknown|N/A|N/A|
Pasadena Police Department|https://www.cityofpasadena.net/police/|Unknown|N/A|N/A|
Paso Robles Police Department|https://www.prcity.com/252/Police-Department|Unknown|N/A|N/A|
Pepperdine University Office of Public Safety|Not Found|Unknown|N/A|N/A|
Petaluma Police Department|https://cityofpetaluma.org/departments/police-department/|Unknown|N/A|Transparency portal available|
Piedmont Police Department|https://piedmont.ca.gov/services___departments/police|Unknown|N/A|Transparency portal|
Pinole Police Department|https://www.pinole.gov/departments/police/|Yes|N/A|Crime and Incident Data, Interactive Mapping|CitizenRIMS
Pismo Beach Police Department|https://www.pismobeach.org/71/Police|Yes|https://pismobeach.citizenrims.com/|Crime and Activity Mapping, Incident Data|CitizenRIMS
Pittsburg Police Department|https://www.pittsburgca.gov/services/police|Unknown|N/A|N/A|
Placentia Public Safety Communications|Not Found|Unknown|N/A|N/A|
Placentia Police Department|https://www.placentia.org/17/Police|Unknown|N/A|N/A|
Placer County District Attorney|https://www.placer.ca.gov/2923/District-Attorney/|Unknown|N/A|N/A|
Placer County Probation Department|Not Found|Unknown|N/A|N/A|
Placer County Sheriff's Department|https://www.placer.ca.gov/sheriff|Unknown|N/A|N/A|
Placerville Police Department|https://www.cityofplacerville.org/police|Yes|https://placerville.citizenrims.com|Crime & Activity mapping, online reporting|CitizenRIMS (discovered via search)
Pleasant Hill Police Department|https://www.phillca.gov/1616/Police-Department|Yes|https://pleasanthillca.citizenrims.com|Crime Information|CitizenRIMS
Pleasanton Police Services|https://www.cityofpleasantonca.gov/our-government/police/|Yes|https://pleasanton.citizenrims.com/|Crime and Activity Data|CitizenRIMS
Plumas County District Attorney|https://www.plumascounty.us/1889/District-Attorney|Unknown|N/A|N/A|
Plumas County Sheriff's Department|https://www.plumascounty.us/587/SheriffCoroner|Unknown|N/A|N/A|
Pomona Police Department|https://www.pomonaca.gov/government/departments/police-department|Unknown|N/A|N/A|
Pomona Unified School District Security Department|Not Found|Unknown|N/A|N/A|
Port Hueneme Police Department|https://www.ci.port-hueneme.ca.us/187/Police-Department|Unknown|N/A|N/A|
Port San Luis Harbor District Harbor Patrol Department|Not Found|Unknown|N/A|N/A|
Porterville Police Department|https://www.ci.porterville.ca.us/departments/police/index.php|Unknown|N/A|N/A|
Presidio of Monterey Police Department|Not Found|Unknown|N/A|N/A|Military installation
Red Bluff Police Department|https://www.rbpd.org/|Yes|https://rbpd.citizenrims.com/|Crime & Activity mapping, Annual reports|CitizenRIMS
Redding Police Department|https://www.cityofredding.gov/government/departments/police/index.php|Unknown|N/A|N/A|
Redlands Police Department|https://www.cityofredlands.org/police|Unknown|N/A|Crime reports by request|Online crime reporting
Redondo Beach Police Department|https://www.redondo.org/departments/police/|Unknown|N/A|N/A|
Redwood City Police Department|https://www.redwoodcity.org/departments/police-department|Yes|N/A|Community Wellness dashboard, crime reporting data|
Reedley Police Department|https://reedley.ca.gov/police-department/|Unknown|N/A|N/A|
Rialto Police Department|https://rialtopolice.com/|Unknown|N/A|N/A|
Richmond Police Department|https://www.ci.richmond.ca.us/82/Police-Department|Unknown|N/A|N/A|
Ridgecrest Police Department|https://ridgecrest-ca.gov/361/Welcome-to-the-Ridgecrest-Police-Department|Unknown|N/A|N/A|
Rio Dell Police Department|https://www.cityofriodell.ca.gov/215/Police|Unknown|N/A|N/A|
Rio Hondo College PD|https://www.riohondo.edu/police/|Unknown|N/A|Campus safety|
Ripon Police Department|https://cityofripon.org/536/Police-Department|Yes|https://ripon.citizenrims.com/|Crime mapping, arrests, 24-hour activity log|CitizenRIMS
Riverside Community College District Police Department|https://rccd.edu/police/index.html|Unknown|N/A|N/A|POST-certified
Riverside County Department of Public Social Services|Unknown|Unknown|N/A|N/A|
Riverside County District Attorney|Unknown|Unknown|N/A|N/A|
Riverside County Sheriff's Office|https://www.riversidesheriff.org/|Unknown|N/A|Inmate info available|
Riverside Police Department|https://www.riversideca.gov/rpd/|Yes|https://riversideca.gov/rpd/resources-forms/crime-statistics|Part I & II crime statistics, Open Data Portal|Updated continuously
Rocklin Police Department|https://www.rocklin.ca.us/police|Yes|https://rocklinpolice.citizenrims.com/|Crime & Activity data, Arrest info|CitizenRIMS/CrimeGraphics
Rohnert Park Department of Public Safety|https://www.rpcity.org/309/Public-Safety|Unknown|N/A|Transparency info|Integrated police & fire
Roseville Police Department|https://www.roseville.ca.us/government/departments/police_department|Unknown|N/A|Citizens reporting system|
Ross Police Department|https://www.townofrossca.gov/police|Unknown|N/A|Crime mapping available|
Sacramento City College Police Department|Unknown|Unknown|N/A|N/A|
Sacramento County Coroner|Unknown|Unknown|N/A|N/A|
Sacramento County District Attorney|Unknown|Unknown|N/A|N/A|
Sacramento County Department of Human Assistance|Unknown|Unknown|N/A|N/A|
Sacramento County Regional Parks Department|Unknown|Unknown|N/A|N/A|
Sacramento County Sheriff's Department|https://www.sacsheriff.com/|Yes|https://www.sacsheriff.com/|Online crime reporting for unincorporated areas|
Sacramento Police Department|https://www.cityofsacramento.gov/police|Yes|https://data.cityofsacramento.org/|Crime reports, Open Data Portal, Daily activity logs|Updated monthly
Sacramento Regional Transit District Police Services|Unknown|Unknown|N/A|N/A|
Saddleback Community College Police Department|Unknown|Unknown|N/A|N/A|
Saint Helena Police Department|Unknown|Unknown|N/A|N/A|
Salinas Police Department|Unknown|Unknown|N/A|N/A|
San Benito County District Attorney|Unknown|Unknown|N/A|N/A|
San Benito County Sheriff's Department|Unknown|Unknown|N/A|N/A|
San Benito Office of Emergency Services|Unknown|Unknown|N/A|N/A|
San Bernardino Community College District Police Department|Unknown|Unknown|N/A|N/A|
San Bernardino County District Attorney|Unknown|Unknown|N/A|N/A|
San Bernardino County Human Services|Unknown|Unknown|N/A|N/A|
San Bernardino County Sheriff-Coroner|https://wp.sbcounty.gov/sheriff/|Unknown|N/A|N/A|
San Bernardino Police Department|https://www.sanbernardino.gov/412/Police-Department|Yes|https://www.sanbernardino.gov/602/Arrest-Logs|Crime reports, Arrest logs|
San Bernardino Unified School District Police Department|Unknown|Unknown|N/A|N/A|
San Bruno Police Department|https://www.sanbruno.ca.gov/police|Yes|https://snb.crimegraphics.com|Crime mapping, calls for service, arrests|CrimeGraphics/CitizenRIMS (discovered via search)
San Carlos Police Department|Unknown|Unknown|N/A|N/A|
San Diego Community College District Police Department|Unknown|Unknown|N/A|N/A|
San Diego County Bureau of Public Assistance Investigations|Unknown|Unknown|N/A|N/A|
San Diego County District Attorney|Unknown|Unknown|N/A|N/A|
San Diego County Law Enforcement Training Manager's Association|Unknown|Unknown|N/A|N/A|
San Diego County Medical Examiner|Unknown|Unknown|N/A|N/A|
San Diego County Probation Department|Unknown|Unknown|N/A|N/A|
San Diego County Sheriff's Department|https://www.sdsheriff.gov/|Yes|https://apps.sdsheriff.net/wij/|Who's In Jail database, Warrant search|
San Diego Harbor Police Department Port Of|Unknown|Unknown|N/A|N/A|
San Diego Police Department|https://www.sandiego.gov/police|Yes|https://www.sandiego.gov/police/data-transparency/crime-statistics|Crime statistics, Neighborhood Crime Dashboard, Weekly data|NIBRS; near real-time
San Diego Unified School District Police Department|Unknown|Unknown|N/A|N/A|
San Fernando Police Department|Unknown|Unknown|N/A|N/A|
San Francisco Community College District Police Department|Unknown|Unknown|N/A|N/A|
San Francisco County District Attorney|Unknown|Unknown|N/A|N/A|
San Francisco County Department of Emergency Management|Unknown|Unknown|N/A|N/A|
San Francisco County Medical Examiner|Unknown|Unknown|N/A|N/A|
San Francisco County Sheriff's Department|https://sfsheriff.com/|Unknown|N/A|N/A|
San Francisco International Airport Communications|Unknown|Unknown|N/A|N/A|
San Francisco Police Department|https://www.sanfranciscopolice.org/|Yes|https://www.sanfranciscopolice.org/stay-safe/crime-data/crime-dashboard|Crime Dashboard, Part I & II crime statistics, Weekly trends|
San Gabriel Police Department|https://www.sangabrielcity.com/police|Yes|N/A|Crime data (selected RIMS Sep 2025)|Selected RIMS Sep 2025; CitizenRIMS portal likely available
San Jacinto Police Department|Unknown|Unknown|N/A|N/A|
San Joaquin County District Attorney|Unknown|Unknown|N/A|N/A|
San Joaquin County Sheriff's Department|Unknown|Unknown|N/A|N/A|
San Joaquin Delta College Police Department|Unknown|Unknown|N/A|N/A|
San Joaquin County Probation Department|Unknown|Unknown|N/A|N/A|
San Jose Police Department|https://www.sjpd.org/|Yes|https://www.sjpd.org/records/crime-stats-maps|Crime statistics, District dashboards, CrimeMapping.com|NIBRS compliant; updated daily
San Jose Unified School District Police Department|Unknown|Unknown|N/A|N/A|
San Jose/Evergreen Community College District Police Department|Unknown|Unknown|N/A|N/A|
San Leandro Police Department|Unknown|Unknown|N/A|N/A|
San Luis Obispo County District Attorney|Unknown|Unknown|N/A|N/A|
San Luis Obispo County Sheriff's Department|Unknown|Unknown|N/A|N/A|
San Luis Obispo Police Department|Unknown|Unknown|N/A|N/A|
San Marino Police Department|Unknown|Unknown|N/A|N/A|
San Mateo County Coroner|Unknown|Unknown|N/A|N/A|
San Mateo County District Attorney|Unknown|Unknown|N/A|N/A|
San Mateo County Public Safety Communications Center|Unknown|Unknown|N/A|N/A|
San Mateo County Sheriff's Office|Unknown|Unknown|N/A|N/A|
San Mateo Police Department|https://www.cityofsanmateo.org/273/Police|Yes|https://smpd.crimegraphics.com|Crime mapping, calls for service, arrests|CrimeGraphics/CitizenRIMS (discovered via search)
San Pablo Police Department|Unknown|Unknown|N/A|N/A|
San Rafael Police Department|https://www.srpd.org/|Yes|https://www.srpd.org/activity-log|Activity logs, Arrest logs|
San Ramon Police Department|Unknown|Unknown|N/A|N/A|
Sand City Police Department|Unknown|Unknown|N/A|N/A|
Sanger Police Department|Unknown|Unknown|N/A|N/A|
Santa Ana Police Department|https://www.santa-ana.org/departments/police/|Yes|https://www.santa-ana.org/e-police-reporting/|E-Police online reporting, Police stats|
Santa Ana Unified School District Police Department|Unknown|Unknown|N/A|N/A|
Santa Barbara Airport Police Department|Unknown|Unknown|N/A|N/A|
Santa Barbara County District Attorney|Unknown|Unknown|N/A|N/A|
Santa Barbara County Sheriff's Department|Unknown|Unknown|N/A|N/A|
Santa Barbara Police Department|https://santabarbaraca.gov/government/departments/santa-barbara-police-department|Yes|https://santabarbaraca.gov/government/departments/police-department/online-police-reporting-system|Online police reporting system|
Santa Clara County Communications|Unknown|Unknown|N/A|N/A|
Santa Clara County District Attorney|Unknown|Unknown|N/A|N/A|
Santa Clara County District Attorney Public Assistance Fraud Unit|Unknown|Unknown|N/A|N/A|
Santa Clara County Sheriff's Department|Unknown|Unknown|N/A|N/A|
Santa Clara Police Department|https://iamscpd.org/|Yes|https://data.sccgov.org/Public-Safety/Crime-Reports/n9u6-aijz|Crime reports database|County open data
Santa Clara University Department of Campus Safety|Unknown|Unknown|N/A|N/A|
Santa Cruz County District Attorney|Unknown|Unknown|N/A|N/A|
Santa Cruz County Sheriff's Department|Unknown|Unknown|N/A|N/A|
Santa Cruz Police Department|https://www.santacruzca.gov/Government/City-Departments/Police|Yes|https://www.santacruzca.gov/Government/City-Departments/Police/Crime-Data|UCR data 2008-2023, Quarterly statistics|10-year stats
Santa Fe Springs Police Services|Unknown|Unknown|N/A|N/A|
Santa Maria Police Department|https://www.cityofsantamaria.org/services/departments/police-department|Yes|N/A|Crime statistics, Community resources|Online reporting
Santa Monica Community College District Police Department|Unknown|Unknown|N/A|N/A|
Santa Monica Police Department|https://www.santamonica.gov/departments/police|Yes|https://www.santamonica.gov/topic-explainers/crime-reports-and-statistics|Crime reports & statistics|Daily reports
Santa Monica Office of Emergency Management|Unknown|Unknown|N/A|N/A|
Santa Paula Police Department|Unknown|Unknown|N/A|N/A|
Santa Rosa Junior College Police Department|Unknown|Unknown|N/A|N/A|
Santa Rosa Police Department|https://www.srcity.org/3929/Police|Unknown|N/A|N/A|
Sausalito Police Department|https://www.sausalito.gov/departments/police-department/|Unknown|N/A|N/A|
Scotts Valley Police Department|https://www.scottsvalley.org/police|Yes|https://scottsvalleypolice.citizenrims.com|Crime & Activity mapping|CitizenRIMS (discovered via search)
Seal Beach Police Department|Unknown|Unknown|N/A|N/A|
Seaside Police Department|https://www.ci.seaside.ca.us/823/Police-Department|Yes|https://www.ci.seaside.ca.us/293/Crime-Reports|Crime reports, Online citizen reporting|
Sebastopol Police Department|https://www.ci.sebastopol.ca.us/Police|Yes|https://sebastopol.citizenrims.com|Crime & Activity mapping, incident data|CitizenRIMS (discovered via search)
Selma Police Department|https://www.cityofselma.com/departments/police.php|Unknown|N/A|N/A|
Shafter Police Department|https://www.shafterca.gov/157/Police-Department|Yes|https://shafterpd.citizenrims.com/|Crime & Activity data|CitizenRIMS
Shasta Area Safety Communications Agency (SHASCOM-911)|Unknown|Unknown|N/A|N/A|Dispatch center
Shasta County District Attorney|Unknown|Unknown|N/A|N/A|
Shasta County Marshal|Unknown|Unknown|N/A|N/A|
Shasta County Sheriff's Department|https://www.shastacounty.gov/sheriff|Unknown|N/A|N/A|
Sierra College Police Department|Unknown|Unknown|N/A|N/A|
Sierra County District Attorney|Unknown|Unknown|N/A|N/A|
Sierra County Sheriff's Office|https://www.sierracounty.ca.gov/298/Sheriff-Coroner|Unknown|N/A|N/A|
Sierra Madre Police Department|Unknown|Unknown|N/A|N/A|
Signal Hill Police Department|Unknown|Unknown|N/A|N/A|
Simi Valley Police Department|https://www.simivalley.org/departments/police-department|Unknown|N/A|Online crime reporting|
Siskiyou County District Attorney|Unknown|Unknown|N/A|N/A|
Siskiyou County Sheriff's Department|https://www.siskiyoucounty.gov/sheriff|Yes|https://siskiyousheriff.citizenrims.com/|Crime & Activity data|CitizenRIMS
Snowline Joint Unified School District Police Department|Unknown|Unknown|N/A|N/A|
Solano Community College District Department of Public Safety|Unknown|Unknown|N/A|N/A|
Solano County District Attorney|Unknown|Unknown|N/A|N/A|
Solano County Sheriff's Department|https://www.solanocounty.gov/government/sheriff-coroner|Unknown|N/A|N/A|
Solano County Special Investigation Bureau|Unknown|Unknown|N/A|N/A|
Soledad Police Department|https://www.cityofsoledad.com/police-department/|Unknown|N/A|WeTip anonymous reporting|
Sonoma County District Attorney|Unknown|Unknown|N/A|N/A|
Sonoma County Human Services Department|Unknown|Unknown|N/A|N/A|
Sonoma County Probation Department|Unknown|Unknown|N/A|N/A|
Sonoma County Sheriff's Office|https://www.sonomasheriff.org|Unknown|N/A|N/A|
Sonoma-Marin Area Rail Transit (SMART)|Unknown|Unknown|N/A|N/A|Transit security
Sonoma Police Department|https://www.sonomacity.org/departments/police-department/|Unknown|N/A|N/A|
Sonora Police Department|Unknown|Unknown|N/A|N/A|
South Bay Regional Public Communications Authority|Unknown|Unknown|N/A|N/A|Dispatch
South Gate Police Department|https://www.cityofsouthgate.org/Government/Departments/Police|Unknown|N/A|N/A|
South Lake Tahoe Police Department|https://www.cityofslt.gov/302/Police-Department|Yes|https://southlaketahoe.citizenrims.com/|Crime & Activity data|CitizenRIMS
South Pasadena Police Department|https://www.southpasadenaca.gov/Your-Government/Department-Service-Areas/Police|Unknown|N/A|Online reporting|
South San Francisco Police Department|https://www.ssfca.gov/Departments/Police-Department|Yes|https://southsanfranciscopd.citizenrims.com/|Crime & Activity data|CitizenRIMS
Southwestern Community College Police Department|Unknown|Unknown|N/A|N/A|
Stallion Springs Police Department|Unknown|Unknown|N/A|N/A|
Stanford University Department of Public Safety|Unknown|Unknown|N/A|N/A|
Stanislaus County District Attorney|Unknown|Unknown|N/A|N/A|
Stanislaus County Sheriff's Department|https://www.scsdonline.com/|Unknown|N/A|N/A|
Stanislaus Regional 9-1-1|Unknown|Unknown|N/A|N/A|Dispatch
State Center Community College District Police Department|Unknown|Unknown|N/A|N/A|
Stockton Police Department|https://www.stocktonca.gov/services/police_department/index.php|Yes|https://www.stocktonca.gov/services/police_department/online_services/community_crime_mapping.php|UCR statistics, Community crime mapping, Open Data Portal|Monthly comparisons
Stockton Port District Police Department|Unknown|Unknown|N/A|N/A|
Stockton Unified School District Police Department|Unknown|Unknown|N/A|N/A|
Suisun City Police Department|https://police.suisun.com|Yes|https://suisuncitypd.citizenrims.com/|Crime & Activity data|CitizenRIMS
Sunnyvale Department of Public Safety|https://www.sunnyvale.ca.gov/your-government/departments/public-safety|Unknown|N/A|N/A|Integrated police & fire
Susanville Police Department|https://www.cityofsusanville.gov/162/Police-Department|Yes|https://susanville.citizenrims.com|Crime & Activity mapping, press releases|CitizenRIMS (discovered via search)
Sutter County District Attorney|Unknown|Unknown|N/A|N/A|
Sutter County Health and Human Services|Unknown|Unknown|N/A|N/A|
Sutter County Sheriff's Department|https://www.suttersheriff.gov/|Unknown|N/A|N/A|
Sutter Creek Police Department|https://www.cityofsuttercreek.org/police-department|Unknown|N/A|N/A|
Taft Police Department|https://www.cityoftaft.org/pview.aspx?id=5379&catid=562|Yes|https://taft.citizenrims.com/|Crime mapping, calls for service, arrest info|CitizenRIMS/CrimeGraphics
Tehachapi Police Department|https://www.liveuptehachapi.com/481/Police-Department|Unknown|N/A|Online reporting available|
Tehama County Coroner|https://tehamaso.org/coroners-office/|Yes|https://tehamaso.citizenrims.com|Death statistics|Part of Sheriff
Tehama County District Attorney|https://www.tehama.gov/government/departments/district-attorney/|Unknown|N/A|N/A|
Tehama County Sheriff's Department|https://tehamaso.org/|Yes|https://tehamaso.citizenrims.com|Crime statistics, annual reports|CitizenRIMS/CrimeGraphics
Temecula Police Department|https://temeculaca.gov/196/Police|Unknown|N/A|N/A|Riverside County Sheriff contract
Tiburon Police Department|https://townoftiburon.org/537/Police-Department|Unknown|N/A|N/A|
Torrance Police Department|https://www.torranceca.gov/our-city/police|Yes|N/A|Crime reports available|227 sworn officers
Tracy Police Department|https://tracypd.com/|Yes|https://tracypd.com/crime-mapping|Crime mapping, statistical data, arrest info|Interactive dashboard
Trinidad Police Department|https://www.trinidad.ca.gov/police-department|Unknown|N/A|N/A|Humboldt County Sheriff contract
Trinity County District Attorney|https://www.trinitycounty.org/211/District-Attorney|Unknown|N/A|N/A|
Trinity County Marshal|https://www.trinity.courts.ca.gov/general-information/security|Unknown|N/A|N/A|Court security
Trinity County Sheriff's Department|https://www.trinitycounty.org/321/Sheriffs-Office|Unknown|N/A|N/A|
Truckee Police Department|https://www.truckeepolice.gov/|Unknown|N/A|Transparency page|
Tulare County District Attorney|https://tulareda.org/|Unknown|N/A|N/A|
Tulare County Probation Department|https://tcprobation.com/|Unknown|N/A|N/A|
Tulare County Sheriff's Department|https://tularecounty.ca.gov/sheriff|Yes|N/A|Crime statistics, incident data|TipNow available
Tulare Police Department|https://www.tulare.ca.gov/government/departments/police|Unknown|N/A|N/A|
Tulelake Police Department|https://cityoftulelake.com/police-department/|Unknown|N/A|N/A|
Tuolumne County District Attorney|https://www.tuolumnecounty.ca.gov/166/District-Attorney|Unknown|N/A|N/A|
Tuolumne County Sheriff's Department|https://www.tuolumnecounty.ca.gov/1526/Sheriffs-Office|Yes|https://tcso.citizenrims.com/|Crime and activity data|CitizenRIMS/CrimeGraphics
Turlock Police Department|https://www.cityofturlock.org/policedepartment/|Yes|N/A|Monthly incident reports, crime info|
Tustin Police Department|https://www.tustinca.org/1321/Police|Unknown|N/A|N/A|
Twin Rivers Unified School District Police Services|https://www.trusd.net/Our-District/Police-Services/index.html|Unknown|N/A|N/A|School district police
UC Berkeley Police Department|https://ucpd.berkeley.edu/home|Unknown|N/A|N/A|
UC Davis Police Department|https://police.ucdavis.edu/|Yes|https://police.ucdavis.edu/dashboard/crime-alerts|Crime alerts dashboard|
UC Irvine Police Department|https://www.police.uci.edu/|Yes|https://uci.citizenrims.com/|Crime and activity data|CitizenRIMS
UC Los Angeles Police Department|https://police.ucla.edu/|Unknown|N/A|N/A|
UC Merced Police Department|https://police.ucmerced.edu/|Unknown|N/A|N/A|
UC Riverside Police Department|https://police.ucr.edu/|Yes|https://ucrpd.citizenrims.com/|Crime and activity data|CitizenRIMS
UC San Diego Police Department|https://police.ucsd.edu/|Yes|https://ucsdpd.citizenrims.com|Crime & Activity mapping|CitizenRIMS (discovered via search)
UC San Francisco Police Department|https://police.ucsf.edu/|Yes|https://ucsf.citizenrims.com|Crime & Activity mapping, Clery data|CitizenRIMS (discovered via search)
UC Santa Barbara Police Department|https://www.police.ucsb.edu/|Unknown|N/A|N/A|
UC Santa Cruz Police Department|https://police.ucsc.edu/|Yes|https://ucsc.citizenrims.com/|Interactive crime dashboard, Clery Act data|
Ukiah Police Department|https://www.ukiahpolice.com/|Unknown|N/A|N/A|
Union City Police Department|https://www.unioncityca.gov/677/Police|Unknown|N/A|N/A|
Union Pacific Railroad Police|https://www.up.com/aboutup/community/safety/special_agents/index.htm|Unknown|N/A|N/A|Federal railroad LE
University of La Verne Campus Safety Department|https://myportal.laverne.edu/web/campus-safety|Unknown|N/A|N/A|
Upland Police Department|https://www.uplandca.gov/police|Yes|N/A|Online police reports|
U.S. Attorney's Office Central District of California|https://www.justice.gov/usao-cdca|Unknown|N/A|N/A|Federal
University of San Diego Public Safety Department|https://www.sandiego.edu/safety/|Unknown|N/A|Campus crime data|
University of San Francisco Public Safety Department|https://www.usfca.edu/public-safety|Unknown|N/A|N/A|
University of Southern California Department of Public Safety|https://dps.usc.edu/|Unknown|N/A|N/A|306 personnel
Vacaville Police Department|https://www.cityofvacaville.gov/government/police-department|Yes|https://vacaville.citizenrims.com/|Daily arrest logs, crime statistics|CitizenRIMS; RTIC portal
Val Verde Unified School District Police Department|https://www.valverde.edu/en-US/police-department-security-communications-96b31b07/overview-0bcee34a|Unknown|N/A|N/A|
Vallejo Police Department|https://www.vallejopd.net/|Yes|https://www.vallejopd.net/public_information/crime_data|Five-year crime reports, crime mapping|
Ventura County Community College District Police Department|https://www.vcccd.edu/departments/police|Unknown|N/A|N/A|
Ventura County District Attorney|https://www.vcdistrictattorney.com/|Unknown|N/A|N/A|
Ventura County Medical Examiner|https://meo.venturacounty.gov/|Yes|N/A|Overdose reports, death investigation data|
Ventura County Sheriff's Department|https://sheriff.venturacounty.gov/|Yes|https://sheriff.venturacounty.gov/public-resources/crimes-stats-public/|Crime statistics, incident dashboard|
Ventura Harbor Patrol|https://venturaharbor.com/harbor-patrol/|Unknown|N/A|N/A|Maritime safety
Ventura Police Department|https://www.cityofventura.ca.gov/2267/Police|Yes|https://www.arcgis.com/apps/dashboards/c45f79c88a0848c0a69f8e7767d8febe|Calls for service map|ArcGIS dashboard
Vernon Police Department|https://www.cityofvernonca.gov/government/police-department|Yes|N/A|Online police reporting|
Victor Valley College Police Department|https://www.vvc.edu/campus-police-office|Unknown|N/A|N/A|
Victor Valley Union High School District Police Department|https://police.vvuhsd.org/|Unknown|N/A|N/A|New dept 2024
Visalia Police Department|https://www.visalia.city/depts/police/|Yes|N/A|Crime mapping data|
Walnut Creek Police Department|https://www.walnutcreekpdca.gov/|Unknown|N/A|N/A|
Wasco Police Department|https://www.cityofwasco.org/389/Wasco-Police-Department|Yes|https://wascopd.citizenrims.com/|Crime and activity data|CitizenRIMS
Watsonville Police Department|https://www.watsonville.gov/2324/Police|Yes|N/A|Online citizen police report system|
Weed Police Department|https://www.ci.weed.ca.us/page/police|Unknown|N/A|N/A|
West Cities Police Communications Center|http://www.west-comm.org/|Unknown|N/A|N/A|Dispatch center
West Covina Police Department|https://www.wcpd.org/|Yes|N/A|Online incident reporting|
West Sacramento Police Department|https://www.cityofwestsacramento.org/government/departments/police|Unknown|N/A|N/A|
West Valley-Mission Community College District Police Department|https://www.wvm.edu/services/police/index.html|Unknown|N/A|N/A|
Westminster Police Department|https://www.westminster-ca.gov/departments/police|Unknown|N/A|N/A|
Westmorland Police Department|https://www.cityofwestmorland.net/departments/police-department/|Unknown|N/A|N/A|
Wheatland Police Department|https://www.wheatland.ca.gov/police|Unknown|N/A|N/A|
Whittier College Department of Campus Safety|https://www.whittier.edu/campussafety|Unknown|N/A|N/A|
Whittier Police Department|https://www.whittierpd.org/|Yes|N/A|Crime reports available|
Williams Police Department|https://www.cityofwilliams.org/services/police/index.php|Unknown|N/A|N/A|
Willits Police Department|https://www.cityofwillits.org/148/Police|Unknown|N/A|N/A|
Windsor Police Department|https://www.townofwindsor.ca.gov/174/Windsor-Police-Department|Unknown|N/A|N/A|Sonoma County Sheriff contract
Winters Police Department|https://www.cityofwinters.org/158/Police|Yes|N/A|Activity logs, call info|
Woodland Police Department|https://www.cityofwoodland.gov/394/Woodland-Police-Department|Yes|N/A|Crime mapping, online incident reporting|
Woodlake Police Department|https://cityofwoodlake.com/departments/police/|Unknown|N/A|N/A|
Yolo Emergency Communications Agency|https://www.yolo911.org/|Unknown|N/A|N/A|911 dispatch
Yolo County District Attorney|https://yoloda.org/|Unknown|N/A|N/A|
Yolo County Sheriff's Department|https://yolocountysheriff.com/|Yes|https://yolocountysheriff.com/outreach/crime-stats/|Annual crime statistics|Multi-year stats
Yolo County Health Human Services|https://www.yolocounty.gov/health-human-services|Unknown|N/A|N/A|Not LE
Yreka Police Department|https://www.ci.yreka.ca.us/348/Police-Department|Yes|https://yrekapd.citizenrims.com/|Crime and activity data|CitizenRIMS
Yuba City Police Department|https://yubacity.net/departments/police_department/index.php|Unknown|N/A|N/A|
Yuba County District Attorney|https://www.yuba.gov/departments/district_attorney/index.php|Unknown|N/A|N/A|
Yuba County Sheriff's Department|https://sheriff.co.yuba.ca.us/|Yes|https://yubacounty.citizenrims.com/|Crime and activity data|CitizenRIMS
